"TargetModule","Coverage"
"service","0.09090909090909091"
"service","0.09090909090909091"
